<?xml version="1.0"?>


<!-- Author W.Pasman@mmi.tudelft.nl december 2008
	Updated 25feb09 to handle new actionrule and perceptrule format.
	Small highlighting changes 24mar09
 -->

<!DOCTYPE MODE SYSTEM "xmode.dtd">

<MODE>
	<PROPS>
		<PROPERTY NAME="indentOpenBrackets" VALUE="{" />
		<PROPERTY NAME="indentCloseBrackets" VALUE="}" />
	</PROPS>
	
	<RULES IGNORE_CASE="FALSE">

		<EOL_SPAN TYPE="COMMENT1">%</EOL_SPAN>

		<!-- Wouter: general issue with SPAN_REGEXP is (http://xilize.sourceforge.net/MiscNotes/jEditMisc/modefiles.html)
		that you can not match multi lines. Eg. "knowledge/n/n{/n/n" can not be matched -->
		<!-- Knowledge section -->
		
		<!-- Wouter: 'BUG': if you would DELEGATE to RULES "PROLOG" (instead of prolog::MAIN),
			the prolog HIGHLIGHT_DIGITS property won't work correctly. You then need to copy that property to
			your call to the DELEGATE prolog::MAIN. Maybe this is because the HIGHLIGHT_DIGITS property
			is within the first opening bracket (<) -->
		<SPAN_REGEXP TYPE="KEYWORD1" DELEGATE="prolog::MAIN">
			<BEGIN>knowledge(\p{Space})*\{</BEGIN>
			<END>}</END> <!--Wouter: note, weird, we should not escape the }, not a regexp?? -->
		</SPAN_REGEXP>
		
		<!-- Belief section -->
		<SPAN_REGEXP TYPE="KEYWORD1" DELEGATE="prolog::MAIN">
			<BEGIN>beliefs(\p{Space})*\{</BEGIN>
			<END>}</END> 
		</SPAN_REGEXP>
		
		<!-- GOALS section -->
		<SPAN_REGEXP TYPE="KEYWORD1" DELEGATE="prolog::MAIN">
			<BEGIN>goals(\p{Space})*\{</BEGIN>
			<END>}</END>
		</SPAN_REGEXP>
		
		<!-- PROGRAM section -->
		<SPAN_REGEXP TYPE="KEYWORD1" DELEGATE="GOALPROGRAM">
			<BEGIN>program(\p{Space})*\{</BEGIN>
			<END>}</END> 
		</SPAN_REGEXP>
		
		
		<!-- ACTIONSPEC section -->
		<SPAN_REGEXP TYPE="KEYWORD1" DELEGATE="ACTIONSPEC">
			<BEGIN>actionspec(\p{Space})*\{</BEGIN>
			<END>}</END>
		</SPAN_REGEXP>
		

		<!-- PERCEPTRULES section -->
		<SPAN_REGEXP TYPE="KEYWORD1" DELEGATE="PERCEPTRULES">
			<BEGIN>perceptrules(\p{Space})*\{</BEGIN>
			<END>}</END>
		</SPAN_REGEXP>
		
		<!-- keywords to help the auto completer -->
		<KEYWORDS>
			<KEYWORD1>main:</KEYWORD1>
			<KEYWORD1>{</KEYWORD1>
			<KEYWORD1>}</KEYWORD1>
			<KEYWORD1>knowledge</KEYWORD1>
			<KEYWORD1>beliefs</KEYWORD1>
			<KEYWORD1>goals</KEYWORD1>
			<KEYWORD1>program</KEYWORD1>
			<KEYWORD1>actionspec</KEYWORD1>
			<KEYWORD1>perceptrules</KEYWORD1>
			
		</KEYWORDS>
	</RULES>


	
	<RULES SET="GOALPROGRAM">
		<!-- PROGRAM section -->
		<EOL_SPAN TYPE="COMMENT1">%</EOL_SPAN>
		
		<SPAN TYPE="KEYWORD1" DELEGATE="MSQUERY">
			<BEGIN>if</BEGIN>
			<END>then</END>	
			<!-- note, the part after then is GOAL so here we get away with this -->
		</SPAN>
		
		
		<SPAN_REGEXP TYPE="KEYWORD1" DELEGATE="prolog::MAIN">
			<BEGIN>((adopt)|(drop)|(insert)|(delete)|(send))(\p{Space})*\(</BEGIN>
			<END>)</END>
		</SPAN_REGEXP>
		
		<KEYWORDS>

			<!-- Keywords that are built-in predicates -->
			<KEYWORD1>adopt</KEYWORD1>
			<KEYWORD1>drop</KEYWORD1>
			<KEYWORD1>insert</KEYWORD1>
			<KEYWORD1>delete</KEYWORD1>
			<KEYWORD1>send</KEYWORD1>
			<KEYWORD1>if</KEYWORD1>
			<KEYWORD1>then</KEYWORD1>
			<KEYWORD1>.</KEYWORD1>
		</KEYWORDS>						
	</RULES>

	<RULES SET="MSQUERY">
		<SPAN_REGEXP TYPE="KEYWORD1" DELEGATE="prolog::MAIN">
			<BEGIN>((a-goal)|(goal)|(goal-a)|(bel))(\p{Space})*\(</BEGIN>
			<END>)</END>
		</SPAN_REGEXP>
		
		<SPAN_REGEXP TYPE="KEYWORD1" DELEGATE="MSQUERY">
			<BEGIN>not(\p{Space})*\(</BEGIN>
			<END>)</END>
		</SPAN_REGEXP>
		
				<!-- keywords to help the auto completer -->
		<KEYWORDS>
			<KEYWORD1>not</KEYWORD1>
			<KEYWORD1>a-goal</KEYWORD1>
			<KEYWORD1>goal-a</KEYWORD1>
			<KEYWORD1>goal</KEYWORD1>
			<KEYWORD1>bel</KEYWORD1>
		</KEYWORDS>
	</RULES>
	
	<RULES SET="ACTIONSPEC">
		<!-- ACTIONSPEC. We need to explicitly handle brackets otherwise close bracket 
		 	will be recognised as closing bracket for higher-level {..} -->
		<EOL_SPAN TYPE="COMMENT1">%</EOL_SPAN>
		
		<SPAN TYPE="KEYWORD1" DELEGATE="ACTIONSPECRULE">
			<BEGIN>{</BEGIN>
			<END>}</END>	
		</SPAN>	
	</RULES>
	
	<RULES SET="ACTIONSPECRULE">
		<!-- ACTIONSPEC section -->
		<EOL_SPAN TYPE="COMMENT1">%</EOL_SPAN>
		
		<KEYWORDS>
			<KEYWORD1>pre</KEYWORD1>
			<KEYWORD1>post</KEYWORD1>
		</KEYWORDS>
		
		<SPAN TYPE="KEYWORD1" DELEGATE="prolog::MAIN">
			<BEGIN>{</BEGIN>
			<END>}</END>	
		</SPAN>
	</RULES>
	
	
	<RULES SET="PERCEPTRULES">
		<!-- PERCEPTRULES section -->
		<EOL_SPAN TYPE="COMMENT1">%</EOL_SPAN>
	
		<SPAN_REGEXP TYPE="KEYWORD1" DELEGATE="prolog::MAIN">
			<BEGIN>when(\p{Space})*input(\p{Space})*\{</BEGIN>
			<END>}</END> 
		</SPAN_REGEXP>

		<SPAN_REGEXP TYPE="KEYWORD1" DELEGATE="prolog::MAIN">
			<BEGIN>\(</BEGIN>
			<END>)</END> 
		</SPAN_REGEXP>	
		 
		<KEYWORDS>
			<!-- To support autocompletion -->
			<KEYWORD1>when</KEYWORD1>
			<KEYWORD1>input</KEYWORD1>
			<KEYWORD1>do</KEYWORD1>
			<KEYWORD1>adopt</KEYWORD1>
			<KEYWORD1>drop</KEYWORD1>
			<KEYWORD1>insert</KEYWORD1>
			<KEYWORD1>delete</KEYWORD1>
			<KEYWORD1>send</KEYWORD1>
			<KEYWORD1>.</KEYWORD1>
			
		</KEYWORDS>
		
	</RULES>

</MODE>
