<?xml version="1.0"?>
<!-- W.Pasman 3dec08 -->
<!DOCTYPE MODE SYSTEM "xmode.dtd">

<MODE>
	<RULES>
		<SPAN TYPE="KEYWORD1" AT_LINE_START="TRUE" NO_LINE_BREAK="TRUE" DELEGATE="env">
			<BEGIN>environment:</BEGIN>
			<END>$</END>v 
		</SPAN>
		
		<SPAN_REGEXP TYPE="KEYWORD2" NO_LINE_BREAK="TRUE" DELEGATE="goalfile">
			<BEGIN>[^:]*</BEGIN>
			<END>$</END>
		</SPAN_REGEXP>
	</RULES>
	
	
	
	
	<RULES SET="goalfile">
		<SEQ_REGEXP TYPE="LITERAL2">[^. ]*.goal</SEQ_REGEXP>
	</RULES>
	
	<RULES SET="env">
		<SEQ_REGEXP TYPE="LITERAL2">[^, ]*</SEQ_REGEXP>
		
		<SEQ TYPE="OPERATOR">,</SEQ>
	</RULES>
</MODE>
