<?xml version="1.0"?>


<!DOCTYPE MODE SYSTEM "xmode.dtd">

<!--	jEdit  GOAL-PROLOG syntax file
 	by W.Pasman@tudelft.nl
	revision 16+17 november 2008
-->

<MODE>
	<PROPS>
		<PROPERTY NAME="lineComment" VALUE="%" />
		<PROPERTY NAME="commentStart" VALUE="/*" />
		<PROPERTY NAME="commentEnd" VALUE="*/" />
 	
		<!-- indent clauses not ending on a dot on this line, and un-indent those ending on dot.
			We exclude comment lines from this (un)indentation scheme 
			additional docu: unindentThisLine un-indents the CURRENT line (but not the one after that).
			it only works if you set electricKeys to trigger the un-indent at the right moment.
			NOT at all in documentation: unindentNextLines (note the S).
			
			WORKAROUND: Due to what seems to me a bug in jEdit, we copy the GOAL indentation rules for curly brackets.
			Without that, the GOAL level curly settings will also change, disturbing the auto-indentation process there.
			This causes slight misbehaviour in the Prolog when you work with curlies, but those are not very common anyway.
		-->

		<PROPERTY NAME="unalignedOpenBrackets" VALUE="#" />
		<PROPERTY NAME="unalignedCloseBrackets" VALUE="#" />
		<PROPERTY NAME="indentOpenBrackets" VALUE="{" />
		<PROPERTY NAME="indentCloseBrackets" VALUE="}" />

		<!-- Auto indentation support for head of clause including the :-
		If your contains :- and does not end on . we auto-indent the next line.
		KNOWN BUG: if you use the dot inside a rule but not as a closing dot eg decimal punt,
		the following will go wrong. -->
		<PROPERTY NAME="indentNextLines" VALUE="(?!.*:-.*\.\s*).*:-.*" />
		<!-- un-indent is tricky, luckily possible comments are already filtered out by jEdit
		but the real problem is that we CAN NOT KNOW whether we did an auto-indent,
		because the rule containing the :- may be way up in the file.
		So it is not clear what to do when we encounter e.g. "beer(X)." Was that rule following e.g. "aap(X):-", 
		or is beer(X) a plain fact? In the first case we might un-indent, in the second rather not.
        <PROPERTY NAME="unindentNextLines" VALUE="^(?!.*:-.*).*\.\s*" />
         -->
	    
	</PROPS>

	<RULES
		IGNORE_CASE="FALSE" 
		HIGHLIGHT_DIGITS="TRUE"
		DIGIT_RE="([0-9]+|0x\p{XDigit}{1,8}|0o[0-7]{1,11}|0b[0|1]{1,32}|([0-9]+\.[0-9]+)([eE][+-]?[0-9]+)?)">



		<!-- Comments -->
		<EOL_SPAN TYPE="COMMENT1">%</EOL_SPAN>
		<!--- ISO compliant C-style comments -->
		<SPAN TYPE="COMMENT1">
			<BEGIN>/*</BEGIN>
			<END>*/</END>
		</SPAN>
		
		

		<!-- String literals -->
		<SPAN TYPE="LITERAL1" ESCAPE="\" NO_LINE_BREAK="TRUE">
			<BEGIN>'</BEGIN>
			<END>'</END>
		</SPAN>
		<SPAN TYPE="LITERAL1" ESCAPE="\" NO_LINE_BREAK="TRUE">
			<BEGIN>"</BEGIN>
			<END>"</END>
		</SPAN>


		<!-- Operators. Wouter, in increasing order of priority. -->
		 <!-- prio 50 -->
		<SEQ TYPE="OPERATOR">:</SEQ>
		 <!-- prio 100 -->
		<SEQ TYPE="OPERATOR">@</SEQ>
		 <!-- prio 200... -->
		<SEQ TYPE="OPERATOR">-</SEQ>
		<SEQ TYPE="OPERATOR">\</SEQ>
		<SEQ TYPE="OPERATOR">**</SEQ>
		<SEQ TYPE="OPERATOR">^</SEQ>
		<!-- prio 400 -->
		<SEQ TYPE="OPERATOR">*</SEQ> 
		<SEQ TYPE="OPERATOR">/</SEQ>
		<SEQ TYPE="OPERATOR">//</SEQ> 
				<!-- rem and mod are treated as keywords -->
		<SEQ TYPE="OPERATOR">&lt;&lt;</SEQ>
		<SEQ TYPE="OPERATOR">&gt;&gt;</SEQ>
		<SEQ TYPE="OPERATOR">+</SEQ> <!-- prio 500 -->
				<!-- Wouter: '-' is alsso infix 500 but we already have prefix 200 
					and that one will catch it anyway in this simple parser -->
		<SEQ TYPE="OPERATOR">/\</SEQ>
		<SEQ TYPE="OPERATOR">\/</SEQ>
		 <!-- prio 700 -->
		<SEQ TYPE="OPERATOR">=:=</SEQ>
				<!-- is is treated as keyword, just like rem and mod above.  -->
		<SEQ TYPE="OPERATOR">=\=</SEQ>
		<SEQ TYPE="OPERATOR">&lt;</SEQ>
		<SEQ TYPE="OPERATOR">=&lt;</SEQ>
		<SEQ TYPE="OPERATOR">&gt;</SEQ>
		<SEQ TYPE="OPERATOR">&gt;=</SEQ>
		<SEQ TYPE="OPERATOR">=..</SEQ>
		<SEQ TYPE="OPERATOR">==</SEQ>
		<SEQ TYPE="OPERATOR">\==</SEQ>
		<SEQ TYPE="OPERATOR">@&lt;</SEQ>
		<SEQ TYPE="OPERATOR">@=&lt;</SEQ>
		<SEQ TYPE="OPERATOR">@&gt;</SEQ>
		<SEQ TYPE="OPERATOR">@&gt;=</SEQ>
		<SEQ TYPE="OPERATOR">=</SEQ>
		<SEQ TYPE="OPERATOR">\=</SEQ>
		 <!-- prio 1000 -->
		<SEQ TYPE="OPERATOR">,</SEQ>
		 <!-- prio 1050 -->
		<SEQ TYPE="OPERATOR">-&gt;</SEQ>
		 <!-- prio 1100 -->
		<SEQ TYPE="OPERATOR">;</SEQ>
		 <!-- prio 1200. :- and . are handled separately with a SPAN -->
		<SEQ TYPE="OPERATOR">:-</SEQ>
		<SEQ TYPE="OPERATOR">?-</SEQ>
		<SEQ TYPE="OPERATOR">--&gt;</SEQ>
		
		
				<!-- 
				<SEQ TYPE="OPERATOR">\+</SEQ>  --> <!-- ISO Prolog uses it instead of 'not'
				Wouter: does it? Don't see it in the predefined ops listing?
				 -->
		<!-- prio "1250" (Wouter: actually it's not an operator but OK.) -->
			<!-- The '.' at the end of each clause -->
		<SEQ TYPE="OPERATOR">.</SEQ>
	
		
		
		<SPAN TYPE="KEYWORD2" DELEGATE="MAIN">
			<BEGIN>(</BEGIN>
			<END>)</END>	
		</SPAN>
		<SPAN TYPE="KEYWORD2" DELEGATE="MAIN">
			<BEGIN>{</BEGIN>
			<END>}</END>	
		</SPAN>
		
		<SPAN TYPE="LITERAL2" DELEGATE="MAIN">
			<BEGIN>\[</BEGIN>
			<END>\]</END>	
		</SPAN>

		<SEQ TYPE="FUNCTION">assert</SEQ>
		<SEQ TYPE="FUNCTION">not</SEQ>
		
		<SEQ_REGEXP TYPE="KEYWORD3" AT_WORD_START="TRUE">[a-z]([a-z]|[A-Z]|[0-9_])*</SEQ_REGEXP>
		<SEQ_REGEXP TYPE="KEYWORD4" AT_WORD_START="TRUE">[A-Z_]([a-z]|[A-Z]|[0-9]|_)*</SEQ_REGEXP>
		<!-- Singleton variable -->
		<SEQ TYPE="KEYWORD4">_</SEQ>




					
			<!-- Keywords that are built-in predicates with arity greater than or equal to 1 -->
			<!-- Wouter: this is manual copy of GOALProgram.prologBuiltin.
				It would be nice if this could be somehow generated... -->
			<!-- Wouter: I forgot to write down WHY I use SEQ instead of keywords.... -->
		<SEQ TYPE="FUNCTION">assert</SEQ>  

		<SEQ TYPE="FUNCTION">dynamic</SEQ> 
		<SEQ TYPE="FUNCTION">flatten</SEQ> 
	
		<SEQ TYPE="FUNCTION">include</SEQ> 
		<SEQ TYPE="FUNCTION">is_list</SEQ> 
		<SEQ TYPE="FUNCTION">length</SEQ> 
		<SEQ TYPE="FUNCTION">merge</SEQ> 
		<SEQ TYPE="FUNCTION">maplist</SEQ> 				
		<SEQ TYPE="FUNCTION">not</SEQ>
	
		<SEQ TYPE="FUNCTION">reverse</SEQ> 
		<SEQ TYPE="FUNCTION">sublist</SEQ> 
	
		<SEQ TYPE="FUNCTION">retract</SEQ> 
		<SEQ TYPE="FUNCTION">sort</SEQ> 
		<SEQ TYPE="FUNCTION">var</SEQ>
	
		<!-- Mathematical functions. Including some out-commented that I think should be added.  -->
		<SEQ TYPE="FUNCTION">abs</SEQ> 		
		<SEQ TYPE="FUNCTION">aggregate_all</SEQ> 
		<SEQ TYPE="FUNCTION">aggregate</SEQ> 
		<SEQ TYPE="FUNCTION">append</SEQ> 
		<!--	<SEQ TYPE="FUNCTION">atan</SEQ> -->
		<SEQ TYPE="FUNCTION">bag</SEQ> 
		<SEQ TYPE="FUNCTION">between</SEQ> 		
		<SEQ TYPE="FUNCTION">ceiling</SEQ> 		
		<!--		<SEQ TYPE="FUNCTION">cos</SEQ> -->
		<SEQ TYPE="FUNCTION">count</SEQ> 
		<!--		<SEQ TYPE="FUNCTION">exp</SEQ> -->
		<SEQ TYPE="FUNCTION">findall</SEQ> 
		<SEQ TYPE="FUNCTION">forall</SEQ> 
		<SEQ TYPE="FUNCTION">floor</SEQ> 		
		<!--		<SEQ TYPE="FUNCTION">log</SEQ> -->
		<SEQ TYPE="FUNCTION">last</SEQ> 		
		<SEQ TYPE="FUNCTION">min</SEQ> 		
		<SEQ TYPE="FUNCTION">max</SEQ> 	
		<SEQ TYPE="FUNCTION">member</SEQ> 
		<SEQ TYPE="FUNCTION">random</SEQ> 
		<SEQ TYPE="FUNCTION">round</SEQ> 
		<SEQ TYPE="FUNCTION">set</SEQ> 
		<SEQ TYPE="FUNCTION">setof</SEQ> 
		<SEQ TYPE="FUNCTION">sign</SEQ> 		
		<SEQ TYPE="FUNCTION">sum</SEQ> 
		<!--		<SEQ TYPE="FUNCTION">sin</SEQ> -->
		<SEQ TYPE="FUNCTION">sqrt</SEQ>
		<SEQ TYPE="FUNCTION">truncate</SEQ> 		
		

		<!-- Keywords that should be operators 
		Wouter: I think they are here because if they would be SEQ type they would be 
		recognised also when PART OF a string which is not the idea. -->
		<SEQ TYPE="FUNCTION">is</SEQ>
		<SEQ TYPE="FUNCTION">rem</SEQ>
		<SEQ TYPE="FUNCTION">mod</SEQ>


	</RULES>


	
	
</MODE>
